step,ssim_score,loss
1,6.4410e-02,9.2140e+02
2,6.4410e-02,9.2140e+02
3,3.2540e-02,9.2140e+02
4,2.7620e-02,1.0570e+03
5,3.4190e-02,8.1580e+02
6,4.4960e-02,6.4450e+02
7,5.2620e-02,5.3040e+02
8,5.3470e-02,4.5530e+02
9,5.5740e-02,3.8520e+02
10,5.7850e-02,3.3630e+02
11,6.1290e-02,2.9800e+02
12,6.4670e-02,2.6650e+02
13,6.8300e-02,2.3940e+02
14,7.1350e-02,2.1740e+02
15,7.4430e-02,1.9860e+02
16,7.6900e-02,1.8250e+02
17,7.9620e-02,1.6840e+02
18,8.1980e-02,1.5630e+02
19,8.4660e-02,1.4550e+02
20,8.7070e-02,1.3610e+02
21,8.9650e-02,1.2750e+02
22,9.1640e-02,1.2000e+02
23,9.3890e-02,1.1300e+02
24,9.5810e-02,1.0680e+02
25,9.7710e-02,1.0120e+02
26,9.9510e-02,9.6180e+01
27,1.0150e-01,9.1410e+01
28,1.0320e-01,8.7000e+01
29,1.0480e-01,8.3030e+01
30,1.0630e-01,7.9430e+01
31,1.0800e-01,7.6170e+01
32,1.0960e-01,7.3050e+01
33,1.1120e-01,7.0040e+01
34,1.1250e-01,6.7280e+01
35,1.1400e-01,6.4740e+01
36,1.1540e-01,6.2440e+01
37,1.1690e-01,6.0130e+01
38,1.1800e-01,5.8080e+01
39,1.1940e-01,5.6020e+01
40,1.2080e-01,5.4170e+01
41,1.2190e-01,5.2440e+01
42,1.2310e-01,5.0880e+01
43,1.2460e-01,4.9270e+01
44,1.2590e-01,4.7700e+01
45,1.2690e-01,4.6310e+01
46,1.2810e-01,4.4980e+01
47,1.2930e-01,4.3680e+01
48,1.3050e-01,4.2540e+01
49,1.3150e-01,4.1380e+01
50,1.3270e-01,4.0270e+01
51,1.3360e-01,3.9300e+01
52,1.3480e-01,3.8320e+01
53,1.3580e-01,3.7370e+01
54,1.3670e-01,3.6500e+01
55,1.3770e-01,3.5710e+01
56,1.3900e-01,3.4850e+01
57,1.3980e-01,3.4080e+01
58,1.4070e-01,3.3340e+01
59,1.4180e-01,3.2610e+01
60,1.4280e-01,3.1870e+01
61,1.4350e-01,3.1240e+01
62,1.4440e-01,3.0620e+01
63,1.4560e-01,3.0020e+01
64,1.4670e-01,2.9380e+01
65,1.4730e-01,2.8800e+01
66,1.4810e-01,2.8240e+01
67,1.4900e-01,2.7740e+01
68,1.5010e-01,2.7230e+01
69,1.5070e-01,2.6730e+01
70,1.5150e-01,2.6240e+01
71,1.5250e-01,2.5810e+01
72,1.5350e-01,2.5360e+01
73,1.5380e-01,2.4950e+01
74,1.5470e-01,2.4510e+01
75,1.5520e-01,2.4100e+01
76,1.5620e-01,2.3750e+01
77,1.5720e-01,2.3320e+01
78,1.5790e-01,2.2910e+01
79,1.5840e-01,2.2540e+01
80,1.5940e-01,2.2200e+01
81,1.6020e-01,2.1790e+01
82,1.6050e-01,2.1490e+01
83,1.6160e-01,2.1190e+01
84,1.6200e-01,2.0840e+01
85,1.6280e-01,2.0550e+01
86,1.6360e-01,2.0210e+01
87,1.6450e-01,1.9880e+01
88,1.6510e-01,1.9590e+01
89,1.6580e-01,1.9280e+01
90,1.6680e-01,1.9000e+01
91,1.6750e-01,1.8690e+01
92,1.6780e-01,1.8460e+01
93,1.6850e-01,1.8220e+01
94,1.6900e-01,1.7970e+01
95,1.6990e-01,1.7740e+01
96,1.7050e-01,1.7490e+01
97,1.7130e-01,1.7230e+01
98,1.7170e-01,1.7010e+01
99,1.7240e-01,1.6790e+01
100,1.7300e-01,1.6560e+01
101,1.7360e-01,1.6370e+01
102,1.7410e-01,1.6150e+01
103,1.7480e-01,1.5950e+01
104,1.7540e-01,1.5730e+01
105,1.7610e-01,1.5550e+01
106,1.7640e-01,1.5350e+01
107,1.7720e-01,1.5160e+01
108,1.7750e-01,1.5000e+01
109,1.7820e-01,1.4820e+01
110,1.7890e-01,1.4600e+01
111,1.7930e-01,1.4430e+01
112,1.8010e-01,1.4270e+01
113,1.8080e-01,1.4070e+01
114,1.8110e-01,1.3900e+01
115,1.8170e-01,1.3750e+01
116,1.8230e-01,1.3590e+01
117,1.8300e-01,1.3420e+01
118,1.8330e-01,1.3280e+01
119,1.8370e-01,1.3130e+01
120,1.8430e-01,1.2980e+01
121,1.8500e-01,1.2840e+01
122,1.8530e-01,1.2700e+01
123,1.8610e-01,1.2560e+01
124,1.8640e-01,1.2420e+01
125,1.8690e-01,1.2280e+01
126,1.8750e-01,1.2150e+01
127,1.8810e-01,1.2010e+01
128,1.8840e-01,1.1890e+01
130,1.8950e-01,1.1620e+01
131,1.9000e-01,1.1510e+01
132,1.9050e-01,1.1390e+01
133,1.9110e-01,1.1260e+01
134,1.9140e-01,1.1150e+01
135,1.9190e-01,1.1040e+01
136,1.9230e-01,1.0930e+01
137,1.9310e-01,1.0810e+01
139,1.9380e-01,1.0590e+01
140,1.9410e-01,1.0480e+01
141,1.9470e-01,1.0390e+01
142,1.9540e-01,1.0270e+01
143,1.9580e-01,1.0150e+01
145,1.9660e-01,9.9820e+00
146,1.9690e-01,9.8640e+00
147,1.9730e-01,9.7740e+00
148,1.9790e-01,9.6760e+00
149,1.9830e-01,9.5750e+00
151,1.9930e-01,9.4080e+00
152,1.9950e-01,9.3090e+00
153,1.9980e-01,9.2250e+00
155,2.0090e-01,9.0490e+00
156,2.0100e-01,8.9780e+00
157,2.0160e-01,8.9000e+00
159,2.0230e-01,8.7380e+00
160,2.0290e-01,8.6550e+00
161,2.0340e-01,8.5600e+00
163,2.0410e-01,8.4150e+00
164,2.0440e-01,8.3300e+00
165,2.0490e-01,8.2570e+00
167,2.0580e-01,8.1020e+00
168,2.0590e-01,8.0360e+00
170,2.0680e-01,7.8920e+00
171,2.0720e-01,7.8210e+00
173,2.0780e-01,7.6980e+00
174,2.0810e-01,7.6320e+00
175,2.0860e-01,7.5710e+00
177,2.0940e-01,7.4390e+00
178,2.0950e-01,7.3830e+00
180,2.1030e-01,7.2500e+00
181,2.1050e-01,7.1940e+00
183,2.1130e-01,7.0770e+00
185,2.1200e-01,6.9660e+00
186,2.1230e-01,6.9040e+00
188,2.1300e-01,6.7930e+00
189,2.1340e-01,6.7320e+00
191,2.1390e-01,6.6250e+00
192,2.1450e-01,6.5710e+00
194,2.1490e-01,6.4760e+00
196,2.1550e-01,6.3750e+00
197,2.1590e-01,6.3300e+00
199,2.1650e-01,6.2280e+00
201,2.1710e-01,6.1320e+00
202,2.1750e-01,6.0810e+00
204,2.1820e-01,5.9900e+00
206,2.1870e-01,5.8950e+00
208,2.1930e-01,5.8010e+00
209,2.1950e-01,5.7640e+00
211,2.2010e-01,5.6740e+00
213,2.2070e-01,5.5970e+00
215,2.2130e-01,5.5130e+00
217,2.2160e-01,5.4360e+00
218,2.2230e-01,5.4020e+00
220,2.2250e-01,5.3180e+00
222,2.2330e-01,5.2480e+00
224,2.2370e-01,5.1740e+00
226,2.2430e-01,5.1020e+00
228,2.2500e-01,5.0250e+00
230,2.2540e-01,4.9550e+00
232,2.2600e-01,4.8870e+00
234,2.2650e-01,4.8220e+00
236,2.2690e-01,4.7570e+00
238,2.2750e-01,4.6850e+00
240,2.2810e-01,4.6240e+00
242,2.2840e-01,4.5580e+00
244,2.2910e-01,4.4930e+00
246,2.2940e-01,4.4410e+00
248,2.3000e-01,4.3860e+00
250,2.3040e-01,4.3260e+00
252,2.3080e-01,4.2720e+00
254,2.3150e-01,4.2130e+00
256,2.3190e-01,4.1610e+00
259,2.3270e-01,4.0750e+00
261,2.3310e-01,4.0240e+00
263,2.3360e-01,3.9710e+00
265,2.3410e-01,3.9190e+00
267,2.3460e-01,3.8680e+00
270,2.3540e-01,3.7900e+00
272,2.3590e-01,3.7420e+00
274,2.3640e-01,3.6950e+00
277,2.3690e-01,3.6280e+00
279,2.3750e-01,3.5850e+00
281,2.3790e-01,3.5380e+00
284,2.3860e-01,3.4720e+00
286,2.3910e-01,3.4300e+00
289,2.3980e-01,3.3660e+00
291,2.4030e-01,3.3240e+00
293,2.4070e-01,3.2840e+00
296,2.4140e-01,3.2240e+00
298,2.4200e-01,3.1840e+00
301,2.4250e-01,3.1250e+00
303,2.4300e-01,3.0870e+00
306,2.4370e-01,3.0330e+00
309,2.4430e-01,2.9790e+00
311,2.4470e-01,2.9420e+00
314,2.4550e-01,2.8880e+00
317,2.4600e-01,2.8400e+00
319,2.4650e-01,2.8120e+00
322,2.4720e-01,2.7610e+00
325,2.4790e-01,2.7160e+00
327,2.4800e-01,2.6840e+00
330,2.4890e-01,2.6410e+00
333,2.4930e-01,2.5950e+00
336,2.5000e-01,2.5530e+00
339,2.5060e-01,2.5120e+00
341,2.5090e-01,2.4840e+00
344,2.5160e-01,2.4430e+00
347,2.5220e-01,2.4020e+00
350,2.5280e-01,2.3640e+00
353,2.5350e-01,2.3220e+00
356,2.5400e-01,2.2830e+00
359,2.5470e-01,2.2470e+00
362,2.5530e-01,2.2080e+00
365,2.5590e-01,2.1700e+00
368,2.5650e-01,2.1350e+00
372,2.5720e-01,2.0900e+00
375,2.5790e-01,2.0590e+00
378,2.5830e-01,2.0260e+00
381,2.5900e-01,1.9930e+00
384,2.5950e-01,1.9610e+00
388,2.6020e-01,1.9210e+00
391,2.6070e-01,1.8920e+00
394,2.6130e-01,1.8620e+00
397,2.6180e-01,1.8340e+00
401,2.6260e-01,1.7960e+00
404,2.6300e-01,1.7680e+00
408,2.6380e-01,1.7330e+00
411,2.6440e-01,1.7060e+00
415,2.6500e-01,1.6710e+00
418,2.6550e-01,1.6460e+00
422,2.6620e-01,1.6100e+00
425,2.6680e-01,1.5840e+00
429,2.6740e-01,1.5520e+00
432,2.6790e-01,1.5280e+00
436,2.6870e-01,1.4980e+00
440,2.6910e-01,1.4750e+00
443,2.6960e-01,1.4540e+00
447,2.7020e-01,1.4260e+00
451,2.7090e-01,1.4000e+00
455,2.7160e-01,1.3740e+00
459,2.7210e-01,1.3520e+00
463,2.7270e-01,1.3270e+00
466,2.7310e-01,1.3100e+00
470,2.7360e-01,1.2870e+00
474,2.7420e-01,1.2670e+00
478,2.7480e-01,1.2470e+00
482,2.7540e-01,1.2270e+00
487,2.7620e-01,1.2020e+00
491,2.7670e-01,1.1820e+00
495,2.7740e-01,1.1640e+00
499,2.7800e-01,1.1450e+00
503,2.7850e-01,1.1270e+00
507,2.7910e-01,1.1090e+00
512,2.7980e-01,1.0880e+00
516,2.8030e-01,1.0710e+00
520,2.8090e-01,1.0550e+00
525,2.8160e-01,1.0350e+00
529,2.8210e-01,1.0190e+00
534,2.8280e-01,1.0020e+00
538,2.8330e-01,9.8770e-01
543,2.8390e-01,9.7090e-01
547,2.8440e-01,9.5710e-01
552,2.8510e-01,9.4040e-01
557,2.8560e-01,9.2430e-01
562,2.8640e-01,9.0910e-01
566,2.8690e-01,8.9640e-01
571,2.8740e-01,8.8100e-01
576,2.8820e-01,8.6660e-01
581,2.8870e-01,8.5150e-01
586,2.8940e-01,8.3690e-01
591,2.8980e-01,8.2420e-01
596,2.9050e-01,8.1080e-01
601,2.9110e-01,7.9760e-01
606,2.9160e-01,7.8450e-01
611,2.9230e-01,7.7190e-01
616,2.9280e-01,7.5970e-01
621,2.9340e-01,7.4770e-01
627,2.9400e-01,7.3300e-01
632,2.9460e-01,7.2100e-01
637,2.9520e-01,7.0890e-01
643,2.9580e-01,6.9500e-01
648,2.9640e-01,6.8390e-01
654,2.9690e-01,6.7130e-01
659,2.9750e-01,6.5950e-01
665,2.9800e-01,6.4670e-01
670,2.9840e-01,6.3750e-01
676,2.9900e-01,6.2590e-01
682,2.9950e-01,6.1480e-01
687,2.9990e-01,6.0680e-01
693,3.0040e-01,5.9760e-01
699,3.0090e-01,5.8700e-01
705,3.0140e-01,5.7780e-01
711,3.0190e-01,5.6840e-01
717,3.0240e-01,5.5950e-01
723,3.0300e-01,5.5000e-01
729,3.0350e-01,5.4110e-01
735,3.0400e-01,5.3190e-01
742,3.0460e-01,5.2190e-01
748,3.0510e-01,5.1310e-01
754,3.0560e-01,5.0530e-01
761,3.0630e-01,4.9560e-01
767,3.0680e-01,4.8780e-01
774,3.0740e-01,4.7840e-01
780,3.0790e-01,4.7060e-01
787,3.0850e-01,4.6130e-01
793,3.0900e-01,4.5330e-01
800,3.0950e-01,4.4460e-01
807,3.1000e-01,4.3580e-01
814,3.1050e-01,4.2690e-01
821,3.1110e-01,4.1790e-01
827,3.1160e-01,4.1000e-01
834,3.1200e-01,4.0020e-01
842,3.1260e-01,3.8990e-01
849,3.1320e-01,3.7990e-01
856,3.1370e-01,3.7020e-01
863,3.1410e-01,3.5970e-01
870,3.1450e-01,3.5060e-01
878,3.1500e-01,3.3890e-01
885,3.1530e-01,3.2970e-01
893,3.1570e-01,3.2230e-01
900,3.1610e-01,3.1600e-01
908,3.1660e-01,3.0890e-01
916,3.1710e-01,3.0230e-01
923,3.1770e-01,2.9650e-01
931,3.1820e-01,2.9020e-01
939,3.1880e-01,2.8410e-01
947,3.1940e-01,2.7820e-01
955,3.2000e-01,2.7200e-01
963,3.2050e-01,2.6640e-01
971,3.2100e-01,2.6110e-01
979,3.2170e-01,2.5570e-01
988,3.2220e-01,2.5000e-01
996,3.2280e-01,2.4540e-01
1005,3.2330e-01,2.4010e-01
1013,3.2390e-01,2.3550e-01
1022,3.2440e-01,2.3040e-01
1030,3.2490e-01,2.2650e-01
1039,3.2550e-01,2.2210e-01
1048,3.2600e-01,2.1770e-01
1057,3.2650e-01,2.1360e-01
1066,3.2700e-01,2.0970e-01
1075,3.2750e-01,2.0580e-01
1084,3.2800e-01,2.0200e-01
1093,3.2850e-01,1.9850e-01
1102,3.2900e-01,1.9490e-01
1111,3.2950e-01,1.9140e-01
1121,3.3020e-01,1.8770e-01
1130,3.3060e-01,1.8450e-01
1140,3.3110e-01,1.8100e-01
1150,3.3160e-01,1.7790e-01
1159,3.3210e-01,1.7490e-01
1169,3.3260e-01,1.7170e-01
1179,3.3320e-01,1.6850e-01
1189,3.3360e-01,1.6560e-01
1199,3.3410e-01,1.6280e-01
1209,3.3460e-01,1.6000e-01
1219,3.3510e-01,1.5720e-01
1230,3.3570e-01,1.5430e-01
1240,3.3620e-01,1.5180e-01
1251,3.3670e-01,1.4900e-01
1261,3.3720e-01,1.4670e-01
1272,3.3770e-01,1.4410e-01
1283,3.3820e-01,1.4170e-01
1294,3.3880e-01,1.3930e-01
1305,3.3920e-01,1.3700e-01
1316,3.3970e-01,1.3490e-01
1327,3.4020e-01,1.3270e-01
1338,3.4070e-01,1.3070e-01
1349,3.4120e-01,1.2870e-01
1361,3.4170e-01,1.2660e-01
1372,3.4210e-01,1.2470e-01
1384,3.4260e-01,1.2260e-01
1396,3.4310e-01,1.2060e-01
1407,3.4360e-01,1.1880e-01
1419,3.4410e-01,1.1690e-01
1431,3.4470e-01,1.1500e-01
1443,3.4510e-01,1.1320e-01
1456,3.4570e-01,1.1140e-01
1468,3.4610e-01,1.0970e-01
1480,3.4660e-01,1.0800e-01
1493,3.4710e-01,1.0640e-01
1506,3.4760e-01,1.0470e-01
1518,3.4810e-01,1.0330e-01
1531,3.4850e-01,1.0170e-01
1544,3.4910e-01,1.0010e-01
1557,3.4960e-01,9.8500e-02
1570,3.5000e-01,9.7000e-02
1584,3.5060e-01,9.5480e-02
1597,3.5110e-01,9.4140e-02
1611,3.5150e-01,9.2650e-02
1624,3.5200e-01,9.1300e-02
1638,3.5250e-01,8.9840e-02
1652,3.5300e-01,8.8490e-02
1666,3.5350e-01,8.7120e-02
1680,3.5400e-01,8.5870e-02
1694,3.5450e-01,8.4630e-02
1708,3.5490e-01,8.3380e-02
1723,3.5540e-01,8.2060e-02
1738,3.5590e-01,8.0820e-02
1752,3.5640e-01,7.9660e-02
1767,3.5680e-01,7.8420e-02
1782,3.5730e-01,7.7250e-02
1797,3.5770e-01,7.6090e-02
1812,3.5820e-01,7.4990e-02
1828,3.5870e-01,7.3800e-02
1843,3.5910e-01,7.2760e-02
1859,3.5960e-01,7.1670e-02
1874,3.6000e-01,7.0680e-02
1890,3.6050e-01,6.9650e-02
1906,3.6090e-01,6.8680e-02
1922,3.6140e-01,6.7720e-02
1939,3.6190e-01,6.6700e-02
1955,3.6230e-01,6.5750e-02
1972,3.6280e-01,6.4770e-02
1988,3.6320e-01,6.3890e-02
2005,3.6360e-01,6.2970e-02
2022,3.6410e-01,6.2050e-02
2039,3.6460e-01,6.1150e-02
2057,3.6500e-01,6.0230e-02
2074,3.6540e-01,5.9380e-02
2092,3.6590e-01,5.8490e-02
2109,3.6640e-01,5.7680e-02
2127,3.6680e-01,5.6860e-02
2145,3.6720e-01,5.6050e-02
2163,3.6770e-01,5.5270e-02
2182,3.6810e-01,5.4450e-02
2200,3.6850e-01,5.3700e-02
2219,3.6900e-01,5.2940e-02
2237,3.6930e-01,5.2210e-02
2256,3.6980e-01,5.1480e-02
2275,3.7020e-01,5.0730e-02
2295,3.7070e-01,4.9990e-02
2314,3.7110e-01,4.9320e-02
2334,3.7150e-01,4.8630e-02
2354,3.7190e-01,4.7960e-02
2373,3.7230e-01,4.7320e-02
2394,3.7280e-01,4.6620e-02
2414,3.7320e-01,4.6020e-02
2434,3.7360e-01,4.5390e-02
2455,3.7400e-01,4.4740e-02
2476,3.7440e-01,4.4110e-02
2497,3.7480e-01,4.3490e-02
2518,3.7520e-01,4.2890e-02
2539,3.7570e-01,4.2290e-02
2561,3.7610e-01,4.1700e-02
2582,3.7650e-01,4.1110e-02
2604,3.7690e-01,4.0530e-02
2626,3.7730e-01,3.9980e-02
2648,3.7770e-01,3.9430e-02
2671,3.7810e-01,3.8860e-02
2693,3.7850e-01,3.8310e-02
2716,3.7890e-01,3.7760e-02
2739,3.7930e-01,3.7210e-02
2762,3.7970e-01,3.6710e-02
2786,3.8010e-01,3.6170e-02
2809,3.8050e-01,3.5670e-02
2833,3.8090e-01,3.5170e-02
2857,3.8120e-01,3.4690e-02
2881,3.8160e-01,3.4200e-02
2906,3.8200e-01,3.3700e-02
2930,3.8240e-01,3.3220e-02
2955,3.8280e-01,3.2740e-02
2980,3.8310e-01,3.2280e-02
3005,3.8350e-01,3.1840e-02
3031,3.8390e-01,3.1380e-02
3056,3.8420e-01,3.0950e-02
3082,3.8460e-01,3.0510e-02
3108,3.8500e-01,3.0090e-02
3135,3.8540e-01,2.9640e-02
3161,3.8570e-01,2.9240e-02
3188,3.8610e-01,2.8810e-02
3215,3.8650e-01,2.8420e-02
3242,3.8680e-01,2.8020e-02
3270,3.8720e-01,2.7640e-02
3297,3.8760e-01,2.7260e-02
3325,3.8800e-01,2.6880e-02
3353,3.8830e-01,2.6490e-02
3382,3.8870e-01,2.6120e-02
3410,3.8910e-01,2.5760e-02
3439,3.8940e-01,2.5410e-02
3468,3.8980e-01,2.5050e-02
3498,3.9020e-01,2.4690e-02
3527,3.9050e-01,2.4340e-02
3557,3.9090e-01,2.3990e-02
3587,3.9130e-01,2.3640e-02
3618,3.9160e-01,2.3280e-02
3648,3.9200e-01,2.2940e-02
3679,3.9240e-01,2.2590e-02
3710,3.9270e-01,2.2250e-02
3742,3.9310e-01,2.1920e-02
3773,3.9340e-01,2.1620e-02
3805,3.9370e-01,2.1310e-02
3838,3.9410e-01,2.0990e-02
3870,3.9440e-01,2.0700e-02
3903,3.9480e-01,2.0410e-02
3936,3.9510e-01,2.0120e-02
3969,3.9550e-01,1.9830e-02
4003,3.9590e-01,1.9550e-02
4037,3.9620e-01,1.9290e-02
4071,3.9650e-01,1.9040e-02
4105,3.9690e-01,1.8770e-02
4140,3.9730e-01,1.8510e-02
4175,3.9760e-01,1.8260e-02
4210,3.9800e-01,1.8020e-02
4246,3.9830e-01,1.7770e-02
4282,3.9870e-01,1.7520e-02
4318,3.9910e-01,1.7290e-02
4355,3.9940e-01,1.7060e-02
4392,3.9980e-01,1.6820e-02
4429,4.0020e-01,1.6590e-02
4466,4.0060e-01,1.6370e-02
4504,4.0090e-01,1.6150e-02
4542,4.0130e-01,1.5930e-02
4581,4.0170e-01,1.5720e-02
4619,4.0200e-01,1.5510e-02
4659,4.0240e-01,1.5300e-02
4698,4.0270e-01,1.5100e-02
4738,4.0300e-01,1.4900e-02
4778,4.0340e-01,1.4700e-02
4818,4.0370e-01,1.4510e-02
4859,4.0410e-01,1.4310e-02
4900,4.0440e-01,1.4120e-02
4942,4.0480e-01,1.3940e-02
4984,4.0510e-01,1.3750e-02
5026,4.0550e-01,1.3570e-02
5068,4.0580e-01,1.3390e-02
5111,4.0610e-01,1.3210e-02
5154,4.0650e-01,1.3050e-02
5198,4.0680e-01,1.2870e-02
5242,4.0720e-01,1.2700e-02
5286,4.0750e-01,1.2540e-02
5331,4.0780e-01,1.2380e-02
5376,4.0820e-01,1.2220e-02
5422,4.0850e-01,1.2060e-02
5468,4.0890e-01,1.1900e-02
5514,4.0920e-01,1.1750e-02
5561,4.0950e-01,1.1590e-02
5608,4.0990e-01,1.1440e-02
5655,4.1020e-01,1.1300e-02
5703,4.1050e-01,1.1150e-02
5751,4.1090e-01,1.1010e-02
5800,4.1120e-01,1.0860e-02
5849,4.1150e-01,1.0720e-02
5899,4.1180e-01,1.0580e-02
5949,4.1220e-01,1.0450e-02
5999,4.1250e-01,1.0310e-02
6050,4.1280e-01,1.0170e-02
6101,4.1310e-01,1.0040e-02
6153,4.1350e-01,9.9050e-03
6205,4.1380e-01,9.7740e-03
6257,4.1410e-01,9.6470e-03
6310,4.1440e-01,9.5210e-03
6364,4.1470e-01,9.3970e-03
6418,4.1510e-01,9.2760e-03
6472,4.1540e-01,9.1570e-03
6527,4.1570e-01,9.0370e-03
6582,4.1600e-01,8.9230e-03
6638,4.1630e-01,8.8100e-03
6694,4.1660e-01,8.7010e-03
6750,4.1690e-01,8.5950e-03
6808,4.1730e-01,8.4860e-03
6865,4.1760e-01,8.3780e-03
6923,4.1790e-01,8.2760e-03
6982,4.1820e-01,8.1710e-03
7041,4.1850e-01,8.0690e-03
7101,4.1880e-01,7.9650e-03
7161,4.1910e-01,7.8670e-03
7221,4.1940e-01,7.7660e-03
7283,4.1970e-01,7.6670e-03
7344,4.2000e-01,7.5690e-03
7406,4.2030e-01,7.4730e-03
7469,4.2060e-01,7.3790e-03
7532,4.2090e-01,7.2860e-03
7596,4.2120e-01,7.1950e-03
7660,4.2150e-01,7.1070e-03
7725,4.2180e-01,7.0170e-03
7791,4.2210e-01,6.9290e-03
7857,4.2240e-01,6.8410e-03
7923,4.2270e-01,6.7540e-03
7990,4.2300e-01,6.6680e-03
8058,4.2330e-01,6.5820e-03
8126,4.2360e-01,6.4990e-03
8195,4.2390e-01,6.4130e-03
8264,4.2420e-01,6.3320e-03
8334,4.2440e-01,6.2490e-03
8405,4.2470e-01,6.1660e-03
8476,4.2500e-01,6.0840e-03
8548,4.2530e-01,6.0020e-03
8620,4.2560e-01,5.9220e-03
8693,4.2580e-01,5.8450e-03
8766,4.2610e-01,5.7660e-03
8841,4.2640e-01,5.6890e-03
8916,4.2660e-01,5.6150e-03
8991,4.2690e-01,5.5420e-03
9067,4.2720e-01,5.4730e-03
9144,4.2740e-01,5.4070e-03
9221,4.2770e-01,5.3400e-03
9299,4.2800e-01,5.2750e-03
9378,4.2820e-01,5.2070e-03
9457,4.2850e-01,5.1450e-03
9537,4.2880e-01,5.0810e-03
9618,4.2910e-01,5.0170e-03
9700,4.2930e-01,4.9560e-03
9782,4.2960e-01,4.8950e-03
9865,4.2980e-01,4.8380e-03
9948,4.3010e-01,4.7820e-03
10032,4.3040e-01,4.7260e-03
10117,4.3060e-01,4.6710e-03
10203,4.3090e-01,4.6170e-03
10289,4.3110e-01,4.5660e-03
10376,4.3140e-01,4.5140e-03
10464,4.3160e-01,4.4650e-03
10553,4.3190e-01,4.4140e-03
10642,4.3220e-01,4.3660e-03
10732,4.3240e-01,4.3160e-03
10823,4.3270e-01,4.2660e-03
10915,4.3300e-01,4.2180e-03
11007,4.3320e-01,4.1710e-03
11100,4.3350e-01,4.1250e-03
11194,4.3370e-01,4.0790e-03
11289,4.3400e-01,4.0340e-03
11384,4.3430e-01,3.9890e-03
11481,4.3450e-01,3.9440e-03
11578,4.3470e-01,3.9010e-03
11676,4.3500e-01,3.8570e-03
11775,4.3530e-01,3.8140e-03
11875,4.3550e-01,3.7720e-03
11975,4.3580e-01,3.7300e-03
12076,4.3600e-01,3.6890e-03
12179,4.3630e-01,3.6480e-03
12282,4.3650e-01,3.6080e-03
12386,4.3680e-01,3.5680e-03
12491,4.3700e-01,3.5290e-03
12596,4.3720e-01,3.4910e-03
12703,4.3750e-01,3.4500e-03
12810,4.3780e-01,3.4110e-03
12919,4.3800e-01,3.3720e-03
13028,4.3830e-01,3.3340e-03
13139,4.3850e-01,3.2960e-03
13250,4.3870e-01,3.2590e-03
13362,4.3900e-01,3.2220e-03
13475,4.3920e-01,3.1860e-03
13589,4.3950e-01,3.1500e-03
13704,4.3970e-01,3.1150e-03
13820,4.4000e-01,3.0800e-03
13937,4.4020e-01,3.0460e-03
14055,4.4050e-01,3.0120e-03
14174,4.4070e-01,2.9790e-03
14294,4.4100e-01,2.9460e-03
14415,4.4120e-01,2.9140e-03
14537,4.4150e-01,2.8820e-03
14660,4.4170e-01,2.8500e-03
14784,4.4190e-01,2.8180e-03
14909,4.4220e-01,2.7870e-03
15036,4.4240e-01,2.7560e-03
15163,4.4270e-01,2.7260e-03
15291,4.4290e-01,2.6970e-03
15421,4.4320e-01,2.6670e-03
15551,4.4340e-01,2.6380e-03
15683,4.4360e-01,2.6100e-03
15816,4.4390e-01,2.5810e-03
15950,4.4410e-01,2.5520e-03
16085,4.4440e-01,2.5240e-03
16221,4.4460e-01,2.4960e-03
16358,4.4480e-01,2.4680e-03
16497,4.4510e-01,2.4410e-03
16636,4.4530e-01,2.4140e-03
16777,4.4560e-01,2.3870e-03
16919,4.4580e-01,2.3600e-03
17062,4.4600e-01,2.3350e-03
17207,4.4630e-01,2.3100e-03
17352,4.4650e-01,2.2860e-03
17499,4.4670e-01,2.2620e-03
17647,4.4690e-01,2.2390e-03
17797,4.4720e-01,2.2150e-03
17947,4.4740e-01,2.1910e-03
18099,4.4760e-01,2.1670e-03
18253,4.4780e-01,2.1440e-03
18407,4.4810e-01,2.1210e-03
18563,4.4830e-01,2.0960e-03
18720,4.4850e-01,2.0710e-03
18879,4.4870e-01,2.0470e-03
19038,4.4890e-01,2.0250e-03
19200,4.4910e-01,2.0030e-03
19362,4.4930e-01,1.9830e-03
19526,4.4950e-01,1.9640e-03
19691,4.4970e-01,1.9440e-03
19858,4.4990e-01,1.9250e-03
20026,4.5010e-01,1.9060e-03
20196,4.5030e-01,1.8870e-03
20367,4.5050e-01,1.8690e-03
20539,4.5070e-01,1.8510e-03
20713,4.5090e-01,1.8330e-03
20888,4.5110e-01,1.8160e-03
21065,4.5130e-01,1.7990e-03
21243,4.5150e-01,1.7820e-03
21423,4.5180e-01,1.7650e-03
21604,4.5200e-01,1.7480e-03
21787,4.5220e-01,1.7310e-03
21972,4.5240e-01,1.7140e-03
22158,4.5260e-01,1.6970e-03
22345,4.5280e-01,1.6810e-03
22535,4.5300e-01,1.6650e-03
22725,4.5320e-01,1.6490e-03
22918,4.5340e-01,1.6340e-03
23112,4.5360e-01,1.6180e-03
23307,4.5380e-01,1.6020e-03
23505,4.5400e-01,1.5860e-03
23704,4.5420e-01,1.5710e-03
23904,4.5440e-01,1.5550e-03
24107,4.5460e-01,1.5400e-03
24311,4.5480e-01,1.5250e-03
24516,4.5500e-01,1.5100e-03
24724,4.5520e-01,1.4950e-03
24933,4.5540e-01,1.4810e-03
25144,4.5550e-01,1.4660e-03
25357,4.5570e-01,1.4520e-03
25572,4.5590e-01,1.4390e-03
25788,4.5610e-01,1.4250e-03
26007,4.5630e-01,1.4120e-03
26227,4.5640e-01,1.3990e-03
26449,4.5660e-01,1.3860e-03
26673,4.5680e-01,1.3740e-03
26899,4.5690e-01,1.3610e-03
27126,4.5710e-01,1.3490e-03
27356,4.5730e-01,1.3370e-03
27587,4.5740e-01,1.3250e-03
27821,4.5760e-01,1.3130e-03
28056,4.5780e-01,1.3010e-03
28294,4.5800e-01,1.2900e-03
28533,4.5810e-01,1.2780e-03
28775,4.5830e-01,1.2670e-03
29019,4.5850e-01,1.2550e-03
29264,4.5860e-01,1.2440e-03
29512,4.5880e-01,1.2330e-03
29762,4.5900e-01,1.2230e-03
30014,4.5910e-01,1.2120e-03
30268,4.5930e-01,1.2010e-03
30524,4.5940e-01,1.1900e-03
30782,4.5960e-01,1.1800e-03
31043,4.5980e-01,1.1690e-03
31306,4.5990e-01,1.1590e-03
31571,4.6010e-01,1.1490e-03
31838,4.6020e-01,1.1390e-03
32108,4.6030e-01,1.1290e-03
32379,4.6050e-01,1.1190e-03
32653,4.6070e-01,1.1090e-03
32930,4.6080e-01,1.0990e-03
33209,4.6100e-01,1.0890e-03
33490,4.6110e-01,1.0790e-03
33773,4.6130e-01,1.0700e-03
34059,4.6140e-01,1.0610e-03
34348,4.6150e-01,1.0510e-03
34638,4.6170e-01,1.0420e-03
34931,4.6180e-01,1.0330e-03
35227,4.6200e-01,1.0250e-03
35525,4.6210e-01,1.0160e-03
35826,4.6230e-01,1.0080e-03
36129,4.6240e-01,9.9950e-04
36435,4.6250e-01,9.9120e-04
36744,4.6270e-01,9.8300e-04
37055,4.6280e-01,9.7500e-04
37368,4.6290e-01,9.6700e-04
37685,4.6310e-01,9.5900e-04
38004,4.6320e-01,9.5120e-04
38325,4.6330e-01,9.4350e-04
38650,4.6340e-01,9.3600e-04
38977,4.6360e-01,9.2870e-04
39307,4.6370e-01,9.2150e-04
39640,4.6380e-01,9.1440e-04
39975,4.6390e-01,9.0730e-04
40314,4.6410e-01,9.0030e-04
40655,4.6420e-01,8.9350e-04
40999,4.6430e-01,8.8670e-04
41346,4.6440e-01,8.8000e-04
41696,4.6450e-01,8.7340e-04
42049,4.6460e-01,8.6690e-04
42405,4.6470e-01,8.6050e-04
42764,4.6490e-01,8.5410e-04
43126,4.6500e-01,8.4780e-04
43491,4.6510e-01,8.4140e-04
43859,4.6520e-01,8.3520e-04
44231,4.6530e-01,8.2880e-04
44605,4.6540e-01,8.2240e-04
44983,4.6550e-01,8.1620e-04
45363,4.6560e-01,8.1000e-04
45747,4.6570e-01,8.0410e-04
46135,4.6580e-01,7.9820e-04
46525,4.6590e-01,7.9250e-04
46919,4.6600e-01,7.8690e-04
47316,4.6600e-01,7.8140e-04
47717,4.6610e-01,7.7600e-04
48121,4.6620e-01,7.7060e-04
48528,4.6630e-01,7.6540e-04
48939,4.6640e-01,7.6030e-04
49353,4.6640e-01,7.5520e-04
49771,4.6650e-01,7.5020e-04
50192,4.6660e-01,7.4520e-04
50617,4.6670e-01,7.4030e-04
51046,4.6680e-01,7.3550e-04
51478,4.6690e-01,7.3080e-04
51914,4.6700e-01,7.2610e-04
52353,4.6700e-01,7.2140e-04
52796,4.6710e-01,7.1680e-04
53243,4.6720e-01,7.1240e-04
53694,4.6730e-01,7.0800e-04
54148,4.6730e-01,7.0380e-04
54607,4.6740e-01,6.9940e-04
55069,4.6750e-01,6.9450e-04
55535,4.6750e-01,6.8980e-04
56005,4.6760e-01,6.8540e-04
56479,4.6770e-01,6.8120e-04
56958,4.6770e-01,6.7710e-04
57440,4.6780e-01,6.7300e-04
57926,4.6790e-01,6.6880e-04
58416,4.6790e-01,6.6480e-04
58911,4.6800e-01,6.6100e-04
59409,4.6810e-01,6.5740e-04
59912,4.6810e-01,6.5380e-04
60420,4.6820e-01,6.5020e-04
60931,4.6830e-01,6.4650e-04
61447,4.6830e-01,6.4300e-04
61967,4.6840e-01,6.3960e-04
62492,4.6850e-01,6.3620e-04
63021,4.6850e-01,6.3290e-04
63554,4.6860e-01,6.2970e-04
64092,4.6870e-01,6.2660e-04
64635,4.6870e-01,6.2360e-04
65182,4.6880e-01,6.2050e-04
65734,4.6880e-01,6.1750e-04
66290,4.6890e-01,6.1450e-04
66851,4.6890e-01,6.1150e-04
67417,4.6890e-01,6.0850e-04
67988,4.6900e-01,6.0550e-04
68563,4.6900e-01,6.0260e-04
69144,4.6900e-01,5.9970e-04
69729,4.6910e-01,5.9670e-04
70319,4.6910e-01,5.9400e-04
70915,4.6910e-01,5.9120e-04
71515,4.6910e-01,5.8850e-04
72120,4.6920e-01,5.8570e-04
72731,4.6920e-01,5.8300e-04
73346,4.6920e-01,5.8040e-04
73967,4.6920e-01,5.7770e-04
74593,4.6930e-01,5.7520e-04
75225,4.6930e-01,5.7270e-04
75862,4.6930e-01,5.7020e-04
76504,4.6930e-01,5.6770e-04
77152,4.6930e-01,5.6520e-04
77805,4.6930e-01,5.6260e-04
78463,4.6930e-01,5.6020e-04
79127,4.6930e-01,5.5780e-04
79797,4.6920e-01,5.5540e-04
80473,4.6920e-01,5.5300e-04
81154,4.6920e-01,5.5070e-04
81841,4.6920e-01,5.4850e-04
82534,4.6920e-01,5.4630e-04
83233,4.6920e-01,5.4400e-04
83937,4.6920e-01,5.4190e-04
84648,4.6910e-01,5.3990e-04
85364,4.6910e-01,5.3800e-04
86087,4.6910e-01,5.3600e-04
86816,4.6910e-01,5.3420e-04
87550,4.6910e-01,5.3230e-04
88292,4.6910e-01,5.3050e-04
89039,4.6910e-01,5.2870e-04
89793,4.6910e-01,5.2700e-04
90553,4.6900e-01,5.2520e-04
91319,4.6900e-01,5.2350e-04
92092,4.6900e-01,5.2180e-04
92872,4.6900e-01,5.2010e-04
93658,4.6900e-01,5.1860e-04
94451,4.6890e-01,5.1700e-04
95251,4.6890e-01,5.1540e-04
96057,4.6890e-01,5.1390e-04
96870,4.6890e-01,5.1240e-04
97690,4.6890e-01,5.1090e-04
98517,4.6880e-01,5.0950e-04
99351,4.6880e-01,5.0800e-04
100192,4.6880e-01,5.0650e-04
101040,4.6880e-01,5.0500e-04
101896,4.6880e-01,5.0350e-04
102758,4.6870e-01,5.0210e-04
103628,4.6870e-01,5.0070e-04
104505,4.6870e-01,4.9940e-04
105390,4.6870e-01,4.9800e-04
106282,4.6870e-01,4.9670e-04
107182,4.6860e-01,4.9540e-04
108089,4.6860e-01,4.9420e-04
109004,4.6860e-01,4.9300e-04
109927,4.6860e-01,4.9180e-04
110857,4.6860e-01,4.9060e-04
111796,4.6860e-01,4.8940e-04
112742,4.6850e-01,4.8830e-04
113697,4.6850e-01,4.8710e-04
114659,4.6850e-01,4.8590e-04
115630,4.6850e-01,4.8480e-04
116609,4.6840e-01,4.8360e-04
117596,4.6840e-01,4.8230e-04
118591,4.6840e-01,4.8120e-04
119595,4.6840e-01,4.8010e-04
120607,4.6840e-01,4.7900e-04
121628,4.6830e-01,4.7800e-04
122658,4.6830e-01,4.7700e-04
123696,4.6830e-01,4.7600e-04
124743,4.6830e-01,4.7500e-04
125799,4.6830e-01,4.7410e-04
126864,4.6830e-01,4.7320e-04
127938,4.6820e-01,4.7230e-04
129021,4.6820e-01,4.7140e-04
130114,4.6820e-01,4.7050e-04
131215,4.6820e-01,4.6960e-04
132326,4.6820e-01,4.6870e-04
133446,4.6810e-01,4.6780e-04
134576,4.6810e-01,4.6690e-04
135715,4.6810e-01,4.6610e-04
136864,4.6810e-01,4.6520e-04
138022,4.6810e-01,4.6440e-04
139191,4.6800e-01,4.6350e-04
140369,4.6800e-01,4.6270e-04
141557,4.6800e-01,4.6190e-04
142755,4.6800e-01,4.6100e-04
143964,4.6800e-01,4.6010e-04
145183,4.6790e-01,4.5920e-04
146412,4.6790e-01,4.5840e-04
147651,4.6790e-01,4.5750e-04
148901,4.6780e-01,4.5660e-04
150161,4.6780e-01,4.5570e-04
151433,4.6780e-01,4.5480e-04
152714,4.6770e-01,4.5390e-04
154007,4.6770e-01,4.5300e-04
155311,4.6770e-01,4.5220e-04
156626,4.6760e-01,4.5130e-04
157952,4.6760e-01,4.5040e-04
159289,4.6760e-01,4.4960e-04
160637,4.6750e-01,4.4880e-04
161997,4.6750e-01,4.4790e-04
163368,4.6740e-01,4.4700e-04
164751,4.6740e-01,4.4610e-04
166146,4.6740e-01,4.4530e-04
167552,4.6730e-01,4.4450e-04
168971,4.6730e-01,4.4370e-04
170401,4.6730e-01,4.4290e-04
171844,4.6720e-01,4.4210e-04
173298,4.6720e-01,4.4140e-04
174765,4.6720e-01,4.4060e-04
176245,4.6710e-01,4.3990e-04
177737,4.6710e-01,4.3910e-04
179241,4.6710e-01,4.3830e-04
180759,4.6700e-01,4.3750e-04
182289,4.6700e-01,4.3670e-04
183832,4.6700e-01,4.3590e-04
185388,4.6690e-01,4.3530e-04
186957,4.6690e-01,4.3470e-04
188540,4.6690e-01,4.3410e-04
190136,4.6690e-01,4.3360e-04
191746,4.6680e-01,4.3300e-04
193369,4.6680e-01,4.3250e-04
195006,4.6680e-01,4.3200e-04
196656,4.6680e-01,4.3150e-04
198321,4.6680e-01,4.3110e-04
200000,4.6680e-01,4.3070e-04
